Time,Activity,Category,Priority
05:30-06:00,Morning Routine & Hydration,Health & Wellness,High
06:00-06:30,Morning Workout (HIIT/Cardio),Fitness,High
06:30-07:00,Post-Workout Stretch & Shower,Health & Wellness,Medium
07:00-07:30,Healthy Breakfast,Nutrition,High
07:30-08:00,Personal Development Reading,Learning,High
08:00-08:30,Daily Planning & Goal Setting,Productivity,High
08:30-09:00,Deep Work Block 1 (Engineering),Engineering Work,Critical
09:00-09:30,Deep Work Block 1 (Engineering),Engineering Work,Critical
09:30-10:00,Deep Work Block 1 (Engineering),Engineering Work,Critical
10:00-10:30,Coffee Break & Light Movement,Break,Medium
10:30-11:00,Business Operations (CEO Tasks),Business Management,Critical
11:00-11:30,Business Operations (CEO Tasks),Business Management,Critical
11:30-12:00,Mid-Morning Healthy Snack,Nutrition,Medium
12:00-12:30,Team Communications & Meetings,Communication,High
12:30-13:00,Team Communications & Meetings,Communication,High
13:00-13:30,Healthy Lunch,Nutrition,High
13:30-14:00,Mindful Break/Walk,Health & Wellness,Medium
14:00-14:30,Deep Work Block 2 (Engineering),Engineering Work,Critical
14:30-15:00,Deep Work Block 2 (Engineering),Engineering Work,Critical
15:00-15:30,Learning Time (New Skills),Learning,High
15:30-16:00,Learning Time (New Skills),Learning,High
16:00-16:30,Coffee Break & Networking,Break,Medium
16:30-17:00,Business Strategy & Planning,Business Management,High
17:00-17:30,Business Strategy & Planning,Business Management,High
17:30-18:00,Wrap-up & Tomorrow's Planning,Productivity,High
18:00-18:30,Evening Workout (Strength/Yoga),Fitness,High
18:30-19:00,Post-Workout Recovery,Health & Wellness,Medium
19:00-19:30,Dinner,Nutrition,High
19:30-20:00,Personal Projects/Side Learning,Learning,Medium
20:00-20:30,Personal Projects/Side Learning,Learning,Medium
20:30-21:00,Relaxation & Family Time,Personal Time,Medium
21:00-21:30,Evening Reading,Learning,Medium
21:30-22:00,Wind Down Routine,Health & Wellness,High
22:00-22:30,Sleep Preparation,Health & Wellness,High
22:30-23:00,Sleep Time,Rest,Critical
